{
  "dictionary_id": "material_taxonomy",
  "version": "3.0.0",
  "updated_at": "2026-01-20T09:50:00Z",
  "material_classes": [
    {
      "code": "thermal_grease",
      "label": "Thermal grease",
      "synonyms": [
        "paste",
        "compound"
      ],
      "default_properties": {
        "electrical_behavior": "unknown"
      }
    },
    {
      "code": "liquid_metal",
      "label": "Liquid metal TIM",
      "synonyms": [
        "LM-TIM"
      ],
      "default_properties": {
        "electrical_behavior": "conductive"
      }
    }
  ],
  "base_matrices": [
    "silicone",
    "epoxy",
    "gallium_alloy",
    "indium",
    "other",
    "unknown"
  ],
  "fillers": [
    {
      "code": "boron_nitride",
      "synonyms": [
        "BN"
      ],
      "family": "ceramic"
    }
  ],
  "form_factors": [
    "paste",
    "pad",
    "film",
    "sheet",
    "preform",
    "gel",
    "unknown"
  ]
}